biomass_A,biomass_B,commit_A,commit_B,delta_B_minus_A,step
0.5,0.48,iter,iter,-0.020000000000000018,1
0.61,0.63,iter,iter,0.020000000000000018,2
0.73,0.78,iter,iter,0.050000000000000044,3
0.86,0.93,iter,iter,0.07000000000000006,4
1.0,1.1,tail,tail,0.10000000000000009,5
